Profile Name,Title Desc,Selection Type,Choice Segment Id,Has Watched,Source,Utc Timestamp
Emily,Headspace: Unwind Your Mind,countdown_interrupted,,false,tvui,2023-06-12 21:29:02
Emily,Headspace: Unwind Your Mind,countdown_interrupted,,false,tvui,2023-06-12 21:28:35
Emily,"You vs. Wild: Season 1: ""Searching for a Saint Bernard""",countdown_interrupted,Paraglide,false,tvui,2019-08-03 20:13:50
Emily,"Minecraft: Story Mode: Season 1: ""The Order of the Stone""",countdown_interrupted,Ellegaard,false,tvui,2019-06-09 08:39:46
Emily,"Minecraft: Story Mode: Season 1: ""The Order of the Stone""",countdown_interrupted,Levers,false,tvui,2019-06-09 08:37:41
Emily,"Minecraft: Story Mode: Season 1: ""The Order of the Stone""",countdown_interrupted,Pedestal,false,tvui,2019-06-09 08:37:11
Emily,"Minecraft: Story Mode: Season 1: ""The Order of the Stone""",countdown_interrupted,Lukas,false,tvui,2019-06-09 08:36:49
Emily,"Minecraft: Story Mode: Season 1: ""The Order of the Stone""",countdown_interrupted,This explains a lot.,false,tvui,2019-06-09 08:35:20
Emily,"Minecraft: Story Mode: Season 1: ""The Order of the Stone""",countdown_interrupted,Craft Fishing Pole,false,tvui,2019-06-09 08:33:33
Emily,"Minecraft: Story Mode: Season 1: ""The Order of the Stone""",countdown_interrupted,Stay here.,false,tvui,2019-06-09 08:29:32
Emily,"Minecraft: Story Mode: Season 1: ""The Order of the Stone""",countdown_interrupted,Give cookie,false,tvui,2019-06-09 08:27:18
Emily,"Minecraft: Story Mode: Season 1: ""The Order of the Stone""",countdown_interrupted,A treehouse.,false,tvui,2019-06-09 08:25:53
Emily,"Minecraft: Story Mode: Season 1: ""The Order of the Stone""",countdown_interrupted,I’ll go first.,false,tvui,2019-06-09 08:23:46
Emily,"Minecraft: Story Mode: Season 1: ""The Order of the Stone""",countdown_interrupted,It was fine.,false,tvui,2019-06-09 08:22:22
Emily,"Minecraft: Story Mode: Season 1: ""The Order of the Stone""",countdown_interrupted,Hands in the air,false,tvui,2019-06-09 08:19:53
Emily,"Minecraft: Story Mode: Season 1: ""The Order of the Stone""",countdown_interrupted,Petra will make it.,false,tvui,2019-06-09 08:18:01
Emily,"Minecraft: Story Mode: Season 1: ""The Order of the Stone""",countdown_interrupted,Save Gabriel,false,tvui,2019-06-09 08:15:41
Emily,"Minecraft: Story Mode: Season 1: ""The Order of the Stone""",countdown_interrupted,Where are they?,false,tvui,2019-06-09 08:14:42
Emily,"Minecraft: Story Mode: Season 1: ""The Order of the Stone""",countdown_interrupted,,false,tvui,2019-06-09 08:11:58
Emily,"Minecraft: Story Mode: Season 1: ""The Order of the Stone""",countdown_interrupted,What are you doing?,false,tvui,2019-06-09 08:09:41
Emily,"Minecraft: Story Mode: Season 1: ""The Order of the Stone""",countdown_interrupted,Somebody stop him!,false,tvui,2019-06-09 08:07:50
Emily,"Minecraft: Story Mode: Season 1: ""The Order of the Stone""",countdown_interrupted,Let’s talk to Gabriel.,false,tvui,2019-06-09 08:05:54
Emily,"Minecraft: Story Mode: Season 1: ""The Order of the Stone""",countdown_interrupted,Stay quiet,false,tvui,2019-06-09 08:03:17
Emily,"Minecraft: Story Mode: Season 1: ""The Order of the Stone""",countdown_interrupted,It’s all yours.,false,tvui,2019-06-09 08:00:29
Emily,"Minecraft: Story Mode: Season 1: ""The Order of the Stone""",countdown_interrupted,We get payback.,false,tvui,2019-06-09 07:58:29
Emily,"Minecraft: Story Mode: Season 1: ""The Order of the Stone""",countdown_interrupted,Lukas,false,tvui,2019-06-09 07:56:44
Emily,"Minecraft: Story Mode: Season 1: ""The Order of the Stone""",countdown_interrupted,Slime,false,tvui,2019-06-09 07:55:50
Emily,"Minecraft: Story Mode: Season 1: ""The Order of the Stone""",countdown_interrupted,Offer to trade sword,false,tvui,2019-06-09 07:53:54
Emily,"Minecraft: Story Mode: Season 1: ""The Order of the Stone""",countdown_complete,Your machine was cool.,false,tvui,2019-06-09 07:50:57
Emily,"Minecraft: Story Mode: Season 1: ""The Order of the Stone""",countdown_interrupted,Got a bad feeling.,false,tvui,2019-06-09 07:48:59
Emily,"Minecraft: Story Mode: Season 1: ""The Order of the Stone""",countdown_interrupted,I’m Jesse.,false,tvui,2019-06-09 07:47:34
Emily,"Minecraft: Story Mode: Season 1: ""The Order of the Stone""",countdown_interrupted,Party time!,false,tvui,2019-06-09 07:46:13
Emily,"Minecraft: Story Mode: Season 1: ""The Order of the Stone""",countdown_interrupted,Fight,false,tvui,2019-06-09 07:43:36
Emily,"Minecraft: Story Mode: Season 1: ""The Order of the Stone""",countdown_interrupted,Craft Sword,false,tvui,2019-06-09 07:41:46
Emily,"Minecraft: Story Mode: Season 1: ""The Order of the Stone""",countdown_interrupted,What’s in it for me?,false,tvui,2019-06-09 07:40:55
Emily,"Minecraft: Story Mode: Season 1: ""The Order of the Stone""",countdown_interrupted,"Run, I’ll distract them.",false,tvui,2019-06-09 07:38:51
Emily,"Minecraft: Story Mode: Season 1: ""The Order of the Stone""",countdown_interrupted,Tall Grass,false,tvui,2019-06-09 07:37:18
Emily,"Minecraft: Story Mode: Season 1: ""The Order of the Stone""",countdown_interrupted,Smoke Trail,false,tvui,2019-06-09 07:36:54
Emily,"Minecraft: Story Mode: Season 1: ""The Order of the Stone""",countdown_interrupted,Bush,false,tvui,2019-06-09 07:36:42
Emily,"Minecraft: Story Mode: Season 1: ""The Order of the Stone""",countdown_complete,Redstone Rap,false,tvui,2019-06-09 07:33:55
Emily,"Minecraft: Story Mode: Season 1: ""The Order of the Stone""",countdown_complete,May the best team win.,false,tvui,2019-06-09 07:33:01
Emily,"Minecraft: Story Mode: Season 1: ""The Order of the Stone""",countdown_interrupted,We’re the Dead Enders.,false,tvui,2019-06-09 07:30:54
Emily,"Minecraft: Story Mode: Season 1: ""The Order of the Stone""",countdown_interrupted,Enderman,false,tvui,2019-06-09 07:28:08
Emily,"Minecraft: Story Mode: Season 1: ""The Order of the Stone""",countdown_complete,Creeper,false,tvui,2019-06-09 07:26:52
Emily,"Minecraft: Story Mode: Season 1: ""The Order of the Stone""",countdown_interrupted,Creeper,false,tvui,2019-06-09 07:26:38
Emily,"Minecraft: Story Mode: Season 1: ""The Order of the Stone""",countdown_interrupted,Gabriel is awesome.,true,tvui,2019-06-09 07:24:32
Emily,"Minecraft: Story Mode: Season 1: ""The Order of the Stone""",countdown_interrupted,"Not funny, Axel.",true,tvui,2019-06-09 07:22:18
Emily,"Minecraft: Story Mode: Season 1: ""The Order of the Stone""",countdown_complete,Zombie-sized chickens,true,tvui,2019-06-09 07:20:43
Emily,"Minecraft: Story Mode: Season 1: ""The Order of the Stone""",countdown_interrupted,Cool mask.,false,tvui,2019-06-09 07:19:48
Emily,"Minecraft: Story Mode: Season 1: ""The Order of the Stone""",countdown_interrupted,Chicken-sized zombies,true,tvui,2019-06-09 07:18:18
Emily,"Minecraft: Story Mode: Season 1: ""The Order of the Stone""",countdown_interrupted,"Not funny, Axel.",true,tvui,2019-06-09 07:17:21
Emily,"Minecraft: Story Mode: Season 1: ""The Order of the Stone""",countdown_interrupted,Zombie-sized chickens,false,tvui,2019-06-09 07:15:47
Emily,"Minecraft: Story Mode: Season 1: ""The Order of the Stone""",countdown_interrupted,Gabriel is awesome.,false,tvui,2019-06-09 07:14:38
Emily,"Minecraft: Story Mode: Season 1: ""The Order of the Stone""",countdown_interrupted,"Not funny, Axel.",false,tvui,2019-06-09 07:12:21
Emily,"Minecraft: Story Mode: Season 1: ""The Order of the Stone""",countdown_interrupted,Chicken-sized zombies,false,tvui,2019-06-09 07:10:50
Emily,"Minecraft: Story Mode: Season 1: ""The Order of the Stone""",countdown_interrupted,Male Jesse,false,tvui,2019-06-09 07:08:02
Emily,"You vs. Wild: Season 1: ""Operation Jungle Rescue, Pt. 1""",countdown_interrupted,Monkey Sounds,true,tvui,2019-04-28 08:29:54
Emily,"You vs. Wild: Season 1: ""Operation Jungle Rescue, Pt. 1""",countdown_interrupted,Bushwhack,true,tvui,2019-04-28 08:29:24
Emily,"You vs. Wild: Season 1: ""Operation Jungle Rescue, Pt. 1""",countdown_interrupted,Slingshot,true,tvui,2019-04-28 08:29:01
Emily,"You vs. Wild: Season 1: ""Operation Jungle Rescue, Pt. 1""",countdown_interrupted,Vine Swing,true,tvui,2019-04-28 08:27:57
Emily,"You vs. Wild: Season 1: ""Operation Jungle Rescue, Pt. 1""",countdown_interrupted,Climb Tree,false,tvui,2019-04-28 08:27:20
Emily,"You vs. Wild: Season 1: ""Operation Jungle Rescue, Pt. 1""",countdown_interrupted,Along Shore,false,tvui,2019-04-28 08:26:18
Emily,"You vs. Wild: Season 1: ""Operation Jungle Rescue, Pt. 1""",countdown_interrupted,Into Current,false,tvui,2019-04-28 08:23:28
Emily,"You vs. Wild: Season 1: ""Operation Jungle Rescue, Pt. 1""",countdown_interrupted,Sneak,false,tvui,2019-04-28 08:20:54
Emily,"You vs. Wild: Season 1: ""Operation Jungle Rescue, Pt. 1""",countdown_interrupted,Follow River,true,tvui,2019-04-28 08:20:13
Emily,"You vs. Wild: Season 1: ""Operation Jungle Rescue, Pt. 1""",countdown_interrupted,Grappling Hook,true,tvui,2019-04-28 08:19:50
Emily,"You vs. Wild: Season 1: ""Operation Jungle Rescue, Pt. 1""",countdown_interrupted,Slingshot,true,tvui,2019-04-28 08:18:58
Emily,"You vs. Wild: Season 1: ""Operation Jungle Rescue, Pt. 1""",countdown_complete,Grappling Hook,true,tvui,2019-04-28 08:18:31
Emily,"You vs. Wild: Season 1: ""Operation Jungle Rescue, Pt. 1""",countdown_interrupted,Monkey Sounds,false,tvui,2019-04-28 08:16:42
Emily,"You vs. Wild: Season 1: ""Operation Jungle Rescue, Pt. 1""",countdown_interrupted,Bushwhack,false,tvui,2019-04-28 08:16:16
Emily,"You vs. Wild: Season 1: ""Operation Jungle Rescue, Pt. 1""",countdown_interrupted,Slingshot,true,tvui,2019-04-28 08:15:50
Emily,"You vs. Wild: Season 1: ""Operation Jungle Rescue, Pt. 1""",countdown_interrupted,Cross Log,false,tvui,2019-04-28 08:09:49
Emily,"You vs. Wild: Season 1: ""Operation Jungle Rescue, Pt. 1""",countdown_interrupted,Grub,false,tvui,2019-04-28 08:07:39
Emily,"You vs. Wild: Season 1: ""Operation Jungle Rescue, Pt. 1""",countdown_interrupted,Scare,false,tvui,2019-04-28 08:03:13
Emily,"You vs. Wild: Season 1: ""Operation Jungle Rescue, Pt. 1""",countdown_interrupted,Follow River,false,tvui,2019-04-28 08:01:31
Emily,"You vs. Wild: Season 1: ""Operation Jungle Rescue, Pt. 1""",countdown_interrupted,Grappling Hook,true,tvui,2019-04-28 08:00:05
Emily,"You vs. Wild: Season 1: ""Operation Jungle Rescue, Pt. 2""",countdown_interrupted,Rope,false,tvui,2019-04-18 12:37:29
Emily,"You vs. Wild: Season 1: ""Operation Jungle Rescue, Pt. 2""",countdown_interrupted,Rock,false,tvui,2019-04-18 12:35:35
Emily,"You vs. Wild: Season 1: ""Operation Jungle Rescue, Pt. 2""",countdown_interrupted,Cave,false,tvui,2019-04-18 12:33:19
Emily,"You vs. Wild: Season 1: ""Operation Jungle Rescue, Pt. 2""",countdown_interrupted,Mud,false,tvui,2019-04-18 12:28:52
Emily,"You vs. Wild: Season 1: ""Operation Jungle Rescue, Pt. 2""",countdown_interrupted,Sawgrass,false,tvui,2019-04-18 12:26:38
Emily,"You vs. Wild: Season 1: ""Operation Jungle Rescue, Pt. 2""",countdown_interrupted,Mangrove Swamp,false,tvui,2019-04-18 12:24:18
Emily,"You vs. Wild: Season 1: ""Operation Jungle Rescue, Pt. 2""",countdown_interrupted,Rope,false,tvui,2019-04-18 12:20:16
Emily,"You vs. Wild: Season 1: ""Operation Jungle Rescue, Pt. 1""",countdown_interrupted,Vine Swing,false,tvui,2019-04-18 12:13:07
Emily,"You vs. Wild: Season 1: ""Operation Jungle Rescue, Pt. 1""",countdown_interrupted,Cross Log,false,tvui,2019-04-18 12:10:09
Emily,"You vs. Wild: Season 1: ""Operation Jungle Rescue, Pt. 1""",countdown_interrupted,Grub,false,tvui,2019-04-18 12:07:44
Emily,"You vs. Wild: Season 1: ""Operation Jungle Rescue, Pt. 1""",countdown_interrupted,Follow River,false,tvui,2019-04-18 12:03:59
Emily,"You vs. Wild: Season 1: ""Operation Jungle Rescue, Pt. 1""",countdown_interrupted,Slingshot,false,tvui,2019-04-18 12:02:00
Emily,"You vs. Wild: Season 1: ""Operation Jungle Rescue, Pt. 1""",countdown_interrupted,Grappling Hook,false,tvui,2019-04-18 12:00:53
Emily,"You vs. Wild: Season 1: ""Myth of the Abandoned Mine""",countdown_interrupted,Blow Door,false,tvui,2019-04-17 09:40:33
Emily,"You vs. Wild: Season 1: ""Myth of the Abandoned Mine""",countdown_interrupted,Rappel,false,tvui,2019-04-17 09:38:08
Emily,"You vs. Wild: Season 1: ""Myth of the Abandoned Mine""",countdown_interrupted,Draft,false,tvui,2019-04-17 09:36:53
Emily,"You vs. Wild: Season 1: ""Myth of the Abandoned Mine""",countdown_interrupted,Birch,false,tvui,2019-04-17 09:34:01
Emily,"You vs. Wild: Season 1: ""Myth of the Abandoned Mine""",countdown_interrupted,Enter Mine,false,tvui,2019-04-17 09:33:29
Emily,"You vs. Wild: Season 1: ""Myth of the Abandoned Mine""",countdown_complete,Make Fire,false,tvui,2019-04-17 09:29:55
Emily,"You vs. Wild: Season 1: ""Myth of the Abandoned Mine""",countdown_interrupted,Back Flip,false,tvui,2019-04-17 09:28:17
Emily,"You vs. Wild: Season 1: ""Land of the Dragons""",countdown_interrupted,Fight,false,tvui,2019-04-17 09:24:19
Emily,"You vs. Wild: Season 1: ""Land of the Dragons""",countdown_interrupted,Flight,false,tvui,2019-04-17 09:22:54
Emily,"You vs. Wild: Season 1: ""Land of the Dragons""",countdown_interrupted,Jump,false,tvui,2019-04-17 09:21:31
Emily,"You vs. Wild: Season 1: ""Land of the Dragons""",countdown_interrupted,Leave Cave,false,tvui,2019-04-17 09:17:57
Emily,"You vs. Wild: Season 1: ""Land of the Dragons""",countdown_interrupted,Follow Tracks,false,tvui,2019-04-17 09:16:04
Emily,"You vs. Wild: Season 1: ""Land of the Dragons""",countdown_complete,Cave,false,tvui,2019-04-17 09:13:54
Emily,"You vs. Wild: Season 1: ""Land of the Dragons""",countdown_interrupted,Float,false,tvui,2019-04-17 09:10:51
Emily,"You vs. Wild: Season 1: ""Land of the Dragons""",countdown_interrupted,Fight,false,tvui,2019-04-17 09:09:18
Emily,"You vs. Wild: Season 1: ""Land of the Dragons""",countdown_interrupted,Gutweed,false,tvui,2019-04-17 09:06:48
Emily,"You vs. Wild: Season 1: ""Land of the Dragons""",countdown_interrupted,Limpets,false,tvui,2019-04-17 09:03:12
Emily,"You vs. Wild: Season 1: ""Land of the Dragons""",countdown_interrupted,Coasteer,false,tvui,2019-04-17 09:00:57
Emily,"You vs. Wild: Season 1: ""A Venomous Adventure, Pt. 2""",countdown_interrupted,Head,false,tvui,2019-04-17 08:55:24
Emily,"You vs. Wild: Season 1: ""A Venomous Adventure, Pt. 2""",countdown_interrupted,Tank,false,tvui,2019-04-17 08:49:34
Emily,"You vs. Wild: Season 1: ""A Venomous Adventure, Pt. 2""",countdown_interrupted,Town,false,tvui,2019-04-17 08:47:45
Emily,"You vs. Wild: Season 1: ""A Venomous Adventure, Pt. 2""",countdown_interrupted,Oasis,false,tvui,2019-04-17 08:44:55
Emily,"You vs. Wild: Season 1: ""A Venomous Adventure, Pt. 2""",countdown_complete,Oasis,false,tvui,2019-04-17 08:44:37
Emily,"You vs. Wild: Season 1: ""A Venomous Adventure, Pt. 1""",countdown_complete,Follow Tracks,false,tvui,2019-04-17 08:35:46
Emily,"You vs. Wild: Season 1: ""A Venomous Adventure, Pt. 1""",countdown_complete,Slot Canyon,false,tvui,2019-04-17 08:33:27
Emily,"You vs. Wild: Season 1: ""A Venomous Adventure, Pt. 1""",countdown_complete,Rappel,false,tvui,2019-04-17 08:29:00
Emily,"You vs. Wild: Season 1: ""A Venomous Adventure, Pt. 1""",countdown_complete,Chopper,false,tvui,2019-04-17 08:25:17
Emily,"You vs. Wild: Season 1: ""Lost on Snow Mountain""",countdown_complete,Fern Fire,false,tvui,2019-04-17 08:19:51
Emily,"You vs. Wild: Season 1: ""Lost on Snow Mountain""",countdown_interrupted,Ice Fish,false,tvui,2019-04-17 08:13:53
Emily,"You vs. Wild: Season 1: ""Lost on Snow Mountain""",countdown_interrupted,Igloo,false,tvui,2019-04-17 08:08:53
Emily,"You vs. Wild: Season 1: ""Lost on Snow Mountain""",countdown_interrupted,Static,false,tvui,2019-04-17 08:06:59
Фйж,"Trivia Quest: Season 1: ""Reel Talk""",countdown_interrupted,,false,tvui,2023-02-17 13:26:20
Фйж,"Trivia Quest: Season 1: ""Reel Talk""",countdown_interrupted,,false,tvui,2023-02-17 13:26:03
Фйж,"Trivia Quest: Season 1: ""Reel Talk""",countdown_interrupted,,false,tvui,2023-02-16 15:47:55
Фйж,"Trivia Quest: Season 1: ""Reel Talk""",countdown_interrupted,,false,tvui,2023-02-16 15:47:34
Фйж,"Trivia Quest: Season 1: ""Reel Talk""",countdown_interrupted,,false,tvui,2023-02-16 15:47:19
Фйж,"Trivia Quest: Season 1: ""Reel Talk""",countdown_interrupted,,false,tvui,2023-02-16 15:47:00
Фйж,"Trivia Quest: Season 1: ""Reel Talk""",countdown_interrupted,,false,tvui,2023-02-16 15:46:41
Фйж,"Trivia Quest: Season 1: ""Reel Talk""",countdown_interrupted,,false,tvui,2023-02-16 15:46:19
Фйж,"Trivia Quest: Season 1: ""Reel Talk""",countdown_interrupted,,false,tvui,2023-02-16 15:45:45
Фйж,"Trivia Quest: Season 1: ""Reel Talk""",countdown_interrupted,,true,tvui,2023-02-16 15:45:30
Фйж,"Trivia Quest: Season 1: ""Reel Talk""",countdown_interrupted,,true,tvui,2023-02-16 15:45:13
Фйж,"Trivia Quest: Season 1: ""Reel Talk""",countdown_interrupted,,true,tvui,2023-02-16 15:44:58
Фйж,"Trivia Quest: Season 1: ""Reel Talk""",countdown_interrupted,,true,tvui,2023-02-16 15:44:42
Фйж,"Trivia Quest: Season 1: ""Reel Talk""",countdown_interrupted,,true,tvui,2023-02-16 15:44:28
Фйж,"Trivia Quest: Season 1: ""Reel Talk""",countdown_interrupted,,true,tvui,2023-02-16 15:44:09
Фйж,"Trivia Quest: Season 1: ""Reel Talk""",countdown_interrupted,,true,tvui,2023-02-16 15:43:55
Фйж,"Trivia Quest: Season 1: ""Reel Talk""",countdown_interrupted,,true,tvui,2023-02-16 15:43:39
Фйж,"Trivia Quest: Season 1: ""Reel Talk""",countdown_interrupted,,true,tvui,2023-02-16 15:43:22
Фйж,"Trivia Quest: Season 1: ""Reel Talk""",countdown_interrupted,,true,tvui,2023-02-16 15:43:05
Фйж,"Trivia Quest: Season 1: ""Reel Talk""",countdown_interrupted,,true,tvui,2023-02-16 15:42:51
Фйж,"Trivia Quest: Season 1: ""Reel Talk""",countdown_interrupted,,true,tvui,2023-02-16 15:42:36
Фйж,"Trivia Quest: Season 1: ""Reel Talk""",countdown_interrupted,,false,tvui,2023-02-16 15:41:23
Фйж,"Trivia Quest: Season 1: ""Reel Talk""",countdown_interrupted,,false,tvui,2023-02-16 15:41:03
Фйж,"Trivia Quest: Season 1: ""Reel Talk""",countdown_interrupted,,false,tvui,2023-02-16 15:40:41
Фйж,"Trivia Quest: Season 1: ""Reel Talk""",countdown_interrupted,,false,tvui,2023-02-16 15:40:22
Фйж,"Trivia Quest: Season 1: ""Reel Talk""",countdown_interrupted,,false,tvui,2023-02-16 15:39:57
Фйж,"Trivia Quest: Season 1: ""Reel Talk""",countdown_interrupted,,false,tvui,2023-02-16 15:39:37
Фйж,"Trivia Quest: Season 1: ""Reel Talk""",countdown_interrupted,,false,tvui,2023-02-16 15:39:12
Фйж,"Trivia Quest: Season 1: ""Reel Talk""",countdown_interrupted,,true,tvui,2023-02-16 15:38:46
Фйж,"Trivia Quest: Season 1: ""Reel Talk""",countdown_interrupted,,true,tvui,2023-02-16 15:38:32
Фйж,"Trivia Quest: Season 1: ""Reel Talk""",countdown_interrupted,,true,tvui,2023-02-16 15:38:18
Фйж,"Trivia Quest: Season 1: ""Reel Talk""",countdown_interrupted,,true,tvui,2023-02-16 15:38:02
Фйж,"Trivia Quest: Season 1: ""Reel Talk""",countdown_interrupted,,true,tvui,2023-02-16 15:37:47
Фйж,"Trivia Quest: Season 1: ""Reel Talk""",countdown_interrupted,,true,tvui,2023-02-16 15:36:50
Фйж,"Trivia Quest: Season 1: ""Reel Talk""",countdown_interrupted,,true,tvui,2023-02-16 15:36:34
Фйж,"Trivia Quest: Season 1: ""Reel Talk""",countdown_interrupted,,true,tvui,2023-02-16 15:36:16
Фйж,"Trivia Quest: Season 1: ""Reel Talk""",countdown_interrupted,,true,tvui,2023-02-16 15:36:00
Фйж,"Trivia Quest: Season 1: ""Reel Talk""",countdown_interrupted,,true,tvui,2023-02-16 15:35:40
Фйж,"Trivia Quest: Season 1: ""Reel Talk""",countdown_interrupted,,false,tvui,2023-02-16 15:34:28
Фйж,"Trivia Quest: Season 1: ""Reel Talk""",countdown_interrupted,,false,tvui,2023-02-16 15:34:10
Фйж,"Trivia Quest: Season 1: ""Reel Talk""",countdown_interrupted,,false,tvui,2023-02-16 15:33:54
Фйж,"Trivia Quest: Season 1: ""Reel Talk""",countdown_interrupted,,false,tvui,2023-02-16 15:33:34
Фйж,"Trivia Quest: Season 1: ""Reel Talk""",countdown_interrupted,,false,tvui,2023-02-16 15:33:15
Фйж,You vs. Wild: Out Cold,countdown_interrupted,,false,tvui,2022-05-20 20:01:38
Фйж,You vs. Wild: Out Cold,countdown_interrupted,,false,tvui,2022-05-20 19:58:13
Фйж,You vs. Wild: Out Cold,countdown_interrupted,,false,tvui,2022-05-20 19:56:10
Фйж,Captain Underpants Epic Choice-o-Rama,countdown_complete,Trashtruckula,false,tvui,2022-05-20 15:21:36
Фйж,Captain Underpants Epic Choice-o-Rama,countdown_complete,Trashtruckula,false,tvui,2022-05-20 15:21:03
Фйж,Carmen Sandiego: To Steal or Not to Steal,countdown_interrupted,Start Over,false,tvui,2022-05-20 15:07:27
Фйж,Carmen Sandiego: To Steal or Not to Steal,countdown_interrupted,Bonus Scene,false,tvui,2022-05-20 15:04:34
Фйж,Carmen Sandiego: To Steal or Not to Steal,countdown_interrupted,,false,tvui,2022-05-20 15:02:21
Фйж,Carmen Sandiego: To Steal or Not to Steal,countdown_interrupted,,false,tvui,2022-05-20 15:00:17
Фйж,Carmen Sandiego: To Steal or Not to Steal,countdown_interrupted,Trust Julia,false,tvui,2022-05-20 14:59:31
Фйж,Carmen Sandiego: To Steal or Not to Steal,countdown_interrupted,Trick Julia,false,tvui,2022-05-20 14:58:35
Фйж,Carmen Sandiego: To Steal or Not to Steal,countdown_interrupted,Accept,false,tvui,2022-05-20 14:56:07
Фйж,Carmen Sandiego: To Steal or Not to Steal,countdown_interrupted,Cleo,false,tvui,2022-05-20 14:53:57
Фйж,Carmen Sandiego: To Steal or Not to Steal,countdown_interrupted,Hide,false,tvui,2022-05-19 19:51:30
Фйж,Carmen Sandiego: To Steal or Not to Steal,countdown_interrupted,Ride,false,tvui,2022-05-19 19:50:55
Фйж,Carmen Sandiego: To Steal or Not to Steal,countdown_interrupted,Help Tigress,false,tvui,2022-05-19 19:49:32
Фйж,Carmen Sandiego: To Steal or Not to Steal,countdown_interrupted,Sneak,false,tvui,2022-05-19 19:47:35
Фйж,Carmen Sandiego: To Steal or Not to Steal,countdown_interrupted,Steal for VILE,false,tvui,2022-05-19 19:46:10
Фйж,Carmen Sandiego: To Steal or Not to Steal,countdown_interrupted,Rescue Now,false,tvui,2022-05-19 19:45:06
Фйж,Carmen Sandiego: To Steal or Not to Steal,countdown_interrupted,Top Floor,false,tvui,2022-05-19 19:42:24
Фйж,"Minecraft: Story Mode: Season 1: ""The Order of the Stone""",countdown_interrupted,Gabriel is awesome.,false,tvui,2022-05-19 19:39:14
Фйж,"Minecraft: Story Mode: Season 1: ""The Order of the Stone""",countdown_interrupted,Cool mask.,true,tvui,2022-05-19 19:37:01
Фйж,"Minecraft: Story Mode: Season 1: ""The Order of the Stone""",countdown_interrupted,Chicken-sized zombies,false,tvui,2022-05-19 19:35:22
Фйж,"Minecraft: Story Mode: Season 1: ""The Order of the Stone""",countdown_interrupted,Male Jesse,true,tvui,2022-05-19 19:32:30
Фйж,"You vs. Wild: Season 1: ""Searching for a Saint Bernard""",countdown_interrupted,Rappel,false,tvui,2019-04-16 16:17:18
Фйж,"You vs. Wild: Season 1: ""Searching for a Saint Bernard""",countdown_complete,Glissade,false,tvui,2019-04-16 16:15:05
Фйж,"You vs. Wild: Season 1: ""Searching for a Saint Bernard""",countdown_complete,Snow Cave,false,tvui,2019-04-16 16:01:28
Фйж,"You vs. Wild: Season 1: ""Searching for a Saint Bernard""",countdown_complete,Bear Poo,false,tvui,2019-04-16 15:58:13
Фйж,"You vs. Wild: Season 1: ""Searching for a Saint Bernard""",countdown_complete,Systematic,false,tvui,2019-04-16 15:54:07
Фйж,"You vs. Wild: Season 1: ""Searching for a Saint Bernard""",countdown_complete,Crawl,false,tvui,2019-04-16 15:50:00
Фйж,"You vs. Wild: Season 1: ""Searching for a Saint Bernard""",countdown_complete,Traverse,false,tvui,2019-04-16 15:46:41
Фйж,"You vs. Wild: Season 1: ""Searching for a Saint Bernard""",countdown_complete,Ski,false,tvui,2019-04-16 15:44:00
Фйж,"You vs. Wild: Season 1: ""Operation Jungle Rescue, Pt. 2""",countdown_complete,Rope,false,tvui,2019-04-16 15:38:04
Фйж,"You vs. Wild: Season 1: ""Operation Jungle Rescue, Pt. 2""",countdown_complete,Cave,false,tvui,2019-04-16 15:35:37
Фйж,"You vs. Wild: Season 1: ""Operation Jungle Rescue, Pt. 2""",countdown_interrupted,Mud,false,tvui,2019-04-16 15:31:12
Фйж,"You vs. Wild: Season 1: ""Operation Jungle Rescue, Pt. 2""",countdown_interrupted,Sawgrass,false,tvui,2019-04-16 15:28:50
Фйж,"You vs. Wild: Season 1: ""Operation Jungle Rescue, Pt. 2""",countdown_interrupted,Rope,false,tvui,2019-04-16 15:24:16
Фйж,"You vs. Wild: Season 1: ""Operation Jungle Rescue, Pt. 1""",countdown_interrupted,Vine Swing,false,tvui,2019-04-16 15:18:37
Фйж,"You vs. Wild: Season 1: ""Operation Jungle Rescue, Pt. 1""",countdown_interrupted,Climb Tree,false,tvui,2019-04-16 15:15:25
Фйж,"You vs. Wild: Season 1: ""Operation Jungle Rescue, Pt. 1""",countdown_interrupted,Bushwhack,false,tvui,2019-04-16 15:12:28
Фйж,"You vs. Wild: Season 1: ""Operation Jungle Rescue, Pt. 1""",countdown_interrupted,Grappling Hook,false,tvui,2019-04-16 15:10:29
Фйж,"Minecraft: Story Mode: Season 1: ""Assembly Required""",countdown_complete,"Magnus, calm down.",false,tvui,2018-12-18 16:27:57
Фйж,"Minecraft: Story Mode: Season 1: ""Assembly Required""",countdown_interrupted,Magnus is cool.,false,tvui,2018-12-18 16:26:32
Фйж,"Minecraft: Story Mode: Season 1: ""Assembly Required""",countdown_interrupted,How did you escape?,false,tvui,2018-12-06 17:03:36
Фйж,"Minecraft: Story Mode: Season 1: ""Assembly Required""",countdown_interrupted,"Hello, Boom Town!",false,tvui,2018-12-06 17:01:12
Фйж,"Minecraft: Story Mode: Season 1: ""Assembly Required""",countdown_interrupted,You’re going down.,false,tvui,2018-12-06 16:58:02
Фйж,"Minecraft: Story Mode: Season 1: ""Assembly Required""",countdown_interrupted,Pink wool,false,tvui,2018-12-06 16:55:40
Фйж,"Minecraft: Story Mode: Season 1: ""Assembly Required""",countdown_interrupted,What about the plan?,false,tvui,2018-12-06 16:54:17
Фйж,"Minecraft: Story Mode: Season 1: ""Assembly Required""",countdown_interrupted,Stone,false,tvui,2018-12-06 16:51:52
Фйж,"Minecraft: Story Mode: Season 1: ""Assembly Required""",countdown_interrupted,How could I beat you?,false,tvui,2018-12-06 16:49:21
Фйж,"Minecraft: Story Mode: Season 1: ""Assembly Required""",countdown_interrupted,It’s the truth.,false,tvui,2018-12-06 16:47:51
Фйж,"Minecraft: Story Mode: Season 1: ""Assembly Required""",countdown_interrupted,We need your help.,false,tvui,2018-12-06 16:46:16
Фйж,"Minecraft: Story Mode: Season 1: ""Assembly Required""",countdown_interrupted,Give amulet,false,tvui,2018-12-06 16:44:23
Фйж,"Minecraft: Story Mode: Season 1: ""Assembly Required""",countdown_interrupted,Chase Griefer,false,tvui,2018-12-04 16:43:41
Фйж,"Minecraft: Story Mode: Season 1: ""Assembly Required""",countdown_interrupted,I know what this means.,false,tvui,2018-12-04 16:41:47
Фйж,"Minecraft: Story Mode: Season 1: ""Assembly Required""",countdown_interrupted,Use sword,false,tvui,2018-12-02 08:38:04
Фйж,"Minecraft: Story Mode: Season 1: ""Assembly Required""",countdown_interrupted,Use bow,false,tvui,2018-12-02 08:36:09
Фйж,"Minecraft: Story Mode: Season 1: ""The Order of the Stone""",countdown_interrupted,Magnus,false,tvui,2018-12-02 08:33:00
Фйж,"Minecraft: Story Mode: Season 1: ""The Order of the Stone""",countdown_interrupted,Levers,false,tvui,2018-12-02 08:30:54
Фйж,"Minecraft: Story Mode: Season 1: ""The Order of the Stone""",countdown_interrupted,Pedestal,false,tvui,2018-12-02 08:30:27
Фйж,"Minecraft: Story Mode: Season 1: ""The Order of the Stone""",countdown_interrupted,Axel,false,tvui,2018-12-02 08:30:04
Фйж,"Minecraft: Story Mode: Season 1: ""The Order of the Stone""",countdown_interrupted,Lukas,false,tvui,2018-12-02 08:29:31
Фйж,"Minecraft: Story Mode: Season 1: ""The Order of the Stone""",countdown_interrupted,Olivia,false,tvui,2018-12-02 08:28:53
Фйж,"Minecraft: Story Mode: Season 1: ""The Order of the Stone""",countdown_complete,Ivor isn’t a hero.,false,tvui,2018-11-30 18:19:56
Фйж,"Minecraft: Story Mode: Season 1: ""The Order of the Stone""",countdown_interrupted,Craft Bow,false,tvui,2018-11-30 18:18:08
Фйж,"Minecraft: Story Mode: Season 1: ""The Order of the Stone""",countdown_interrupted,Stay here.,false,tvui,2018-11-30 18:14:17
Фйж,"Minecraft: Story Mode: Season 1: ""The Order of the Stone""",countdown_interrupted,Give cookie,false,tvui,2018-11-30 18:12:03
Фйж,"Minecraft: Story Mode: Season 1: ""The Order of the Stone""",countdown_interrupted,A dirt hut.,false,tvui,2018-11-30 18:10:39
Фйж,"Minecraft: Story Mode: Season 1: ""The Order of the Stone""",countdown_interrupted,I’ll go first.,false,tvui,2018-11-30 18:08:26
Фйж,"Minecraft: Story Mode: Season 1: ""The Order of the Stone""",countdown_interrupted,It was fine.,false,tvui,2018-11-30 18:07:01
Фйж,"Minecraft: Story Mode: Season 1: ""The Order of the Stone""",countdown_complete,Hold on tight,false,tvui,2018-11-30 18:04:12
Фйж,"Minecraft: Story Mode: Season 1: ""The Order of the Stone""",countdown_interrupted,Petra will make it.,false,tvui,2018-11-30 18:02:20
Фйж,"Minecraft: Story Mode: Season 1: ""The Order of the Stone""",countdown_interrupted,Save Gabriel,false,tvui,2018-11-30 17:59:55
Фйж,"Minecraft: Story Mode: Season 1: ""The Order of the Stone""",countdown_interrupted,Where are they?,false,tvui,2018-11-30 17:58:54
Фйж,"Minecraft: Story Mode: Season 1: ""The Order of the Stone""",countdown_interrupted,,false,tvui,2018-11-30 17:55:17
Фйж,"Minecraft: Story Mode: Season 1: ""The Order of the Stone""",countdown_interrupted,What are you doing?,false,tvui,2018-11-30 17:52:59
Фйж,"Minecraft: Story Mode: Season 1: ""The Order of the Stone""",countdown_interrupted,Somebody stop him!,false,tvui,2018-11-30 17:51:19
Фйж,"Minecraft: Story Mode: Season 1: ""The Order of the Stone""",countdown_interrupted,Let’s talk to Gabriel.,false,tvui,2018-11-30 17:49:16
Фйж,"Minecraft: Story Mode: Season 1: ""The Order of the Stone""",countdown_interrupted,Stay quiet,false,tvui,2018-11-30 17:46:40
Фйж,"Minecraft: Story Mode: Season 1: ""The Order of the Stone""",countdown_interrupted,It’s all yours.,false,tvui,2018-11-30 17:43:51
Фйж,"Minecraft: Story Mode: Season 1: ""The Order of the Stone""",countdown_interrupted,We get payback.,false,tvui,2018-11-30 17:41:56
Фйж,"Minecraft: Story Mode: Season 1: ""The Order of the Stone""",countdown_interrupted,Lukas,false,tvui,2018-11-30 17:40:09
Фйж,"Minecraft: Story Mode: Season 1: ""The Order of the Stone""",countdown_interrupted,Crafting Table,false,tvui,2018-11-30 17:39:54
Фйж,"Minecraft: Story Mode: Season 1: ""The Order of the Stone""",countdown_interrupted,Slime,false,tvui,2018-11-30 17:38:58
Фйж,"Minecraft: Story Mode: Season 1: ""The Order of the Stone""",countdown_interrupted,Offer to trade sword,false,tvui,2018-11-30 17:36:52
Фйж,"Minecraft: Story Mode: Season 1: ""The Order of the Stone""",countdown_interrupted,Your machine was cool.,false,tvui,2018-11-30 17:33:54
Фйж,"Minecraft: Story Mode: Season 1: ""The Order of the Stone""",countdown_interrupted,I’m cool if he is.,false,tvui,2018-11-30 17:32:09
Фйж,"Minecraft: Story Mode: Season 1: ""The Order of the Stone""",countdown_interrupted,I’m Jesse.,false,tvui,2018-11-30 17:30:52
Фйж,"Minecraft: Story Mode: Season 1: ""The Order of the Stone""",countdown_interrupted,Party time!,false,tvui,2018-11-30 17:29:29
Фйж,"Minecraft: Story Mode: Season 1: ""The Order of the Stone""",countdown_interrupted,Jump,false,tvui,2018-11-30 17:27:03
Фйж,"Minecraft: Story Mode: Season 1: ""The Order of the Stone""",countdown_interrupted,Craft Sword,false,tvui,2018-11-30 17:25:22
Фйж,"Minecraft: Story Mode: Season 1: ""The Order of the Stone""",countdown_interrupted,I’m all in.,false,tvui,2018-11-30 17:24:28
Фйж,"Minecraft: Story Mode: Season 1: ""The Order of the Stone""",countdown_interrupted,Craft Lever,false,tvui,2018-11-30 17:22:12
Фйж,"Minecraft: Story Mode: Season 1: ""The Order of the Stone""",countdown_interrupted,What’s in it for me?,false,tvui,2018-11-30 17:21:16
Фйж,"Minecraft: Story Mode: Season 1: ""The Order of the Stone""",countdown_interrupted,"Run, I’ll distract them.",false,tvui,2018-11-30 17:19:05
Фйж,"Minecraft: Story Mode: Season 1: ""The Order of the Stone""",countdown_interrupted,Tall Grass,true,tvui,2018-11-30 17:17:31
Фйж,"Minecraft: Story Mode: Season 1: ""The Order of the Stone""",countdown_interrupted,Smoke Trail,true,tvui,2018-11-30 17:17:05
Фйж,"Minecraft: Story Mode: Season 1: ""The Order of the Stone""",countdown_interrupted,Pigs,true,tvui,2018-11-30 17:16:45
Фйж,"Minecraft: Story Mode: Season 1: ""The Order of the Stone""",countdown_interrupted,The Well,true,tvui,2018-11-30 17:16:31
Фйж,"Minecraft: Story Mode: Season 1: ""The Order of the Stone""",countdown_interrupted,Bush,true,tvui,2018-11-30 17:16:11
Фйж,"Minecraft: Story Mode: Season 1: ""The Order of the Stone""",countdown_interrupted,Smoke Trail,true,tvui,2018-11-30 17:15:12
Фйж,"Minecraft: Story Mode: Season 1: ""The Order of the Stone""",countdown_interrupted,Tall Grass,false,tvui,2018-11-30 17:14:01
Фйж,"Minecraft: Story Mode: Season 1: ""The Order of the Stone""",countdown_interrupted,Bush,false,tvui,2018-11-30 17:13:49
Фйж,"Minecraft: Story Mode: Season 1: ""The Order of the Stone""",countdown_interrupted,Pigs,false,tvui,2018-11-30 17:13:28
Фйж,"Minecraft: Story Mode: Season 1: ""The Order of the Stone""",countdown_interrupted,Smoke Trail,false,tvui,2018-11-30 17:13:00
Фйж,"Minecraft: Story Mode: Season 1: ""The Order of the Stone""",countdown_interrupted,The Well,false,tvui,2018-11-30 17:12:41
Фйж,"Minecraft: Story Mode: Season 1: ""The Order of the Stone""",countdown_complete,Warrior Whip,false,tvui,2018-11-30 16:55:16
Фйж,"Minecraft: Story Mode: Season 1: ""The Order of the Stone""",countdown_complete,May the best team win.,false,tvui,2018-11-30 16:54:22
Фйж,"Minecraft: Story Mode: Season 1: ""The Order of the Stone""",countdown_interrupted,We’re the Dead Enders.,false,tvui,2018-11-30 16:52:17
Фйж,"Minecraft: Story Mode: Season 1: ""The Order of the Stone""",countdown_interrupted,Enderman,true,tvui,2018-11-30 16:49:32
Фйж,"Minecraft: Story Mode: Season 1: ""The Order of the Stone""",countdown_interrupted,Enderman,false,tvui,2018-11-30 16:47:57
Фйж,"Minecraft: Story Mode: Season 1: ""The Order of the Stone""",countdown_complete,Creeper,false,tvui,2018-11-30 16:46:32
Фйж,"Minecraft: Story Mode: Season 1: ""The Order of the Stone""",countdown_complete,No big deal.,false,tvui,2018-11-30 16:43:49
Фйж,"Minecraft: Story Mode: Season 1: ""The Order of the Stone""",countdown_complete,Cool mask.,false,tvui,2018-11-30 16:41:09
Фйж,"Minecraft: Story Mode: Season 1: ""The Order of the Stone""",countdown_complete,Zombie-sized chickens,false,tvui,2018-11-30 16:39:25
Фйж,"Minecraft: Story Mode: Season 1: ""The Order of the Stone""",countdown_interrupted,Male Jesse,false,tvui,2018-11-30 16:36:26
Фйж,Puss in Book: Trapped in an Epic Tale,countdown_complete,Wish for Riches,true,tvui,2018-10-30 18:33:55
Фйж,Puss in Book: Trapped in an Epic Tale,countdown_interrupted,Fight,true,tvui,2018-10-30 18:33:22
Фйж,Puss in Book: Trapped in an Epic Tale,countdown_interrupted,Awkward Kiss,true,tvui,2018-10-30 18:33:07
Фйж,Puss in Book: Trapped in an Epic Tale,countdown_complete,Handshake,false,tvui,2018-10-30 18:32:50
Фйж,Puss in Book: Trapped in an Epic Tale,countdown_interrupted,Handshake,false,tvui,2018-10-30 18:32:33
Фйж,Puss in Book: Trapped in an Epic Tale,countdown_interrupted,Awkward Kiss,true,tvui,2018-10-30 18:32:21
Фйж,Puss in Book: Trapped in an Epic Tale,countdown_interrupted,Pirate Cat,true,tvui,2018-10-30 18:31:28
Фйж,Puss in Book: Trapped in an Epic Tale,countdown_interrupted,Bears are Friends,true,tvui,2018-10-30 18:31:13
Фйж,Puss in Book: Trapped in an Epic Tale,countdown_interrupted,Kiss,false,tvui,2018-10-28 19:15:15
Фйж,Puss in Book: Trapped in an Epic Tale,countdown_interrupted,Awkward Kiss,false,tvui,2018-10-28 19:09:16
Фйж,Puss in Book: Trapped in an Epic Tale,countdown_complete,The Queen,false,tvui,2018-10-28 19:08:06
Фйж,Puss in Book: Trapped in an Epic Tale,countdown_interrupted,Puss Song,false,tvui,2018-10-28 19:06:43
Фйж,Puss in Book: Trapped in an Epic Tale,countdown_interrupted,Flamenco,false,tvui,2018-10-28 19:05:23
Фйж,Puss in Book: Trapped in an Epic Tale,countdown_interrupted,Free the Genie,false,tvui,2018-10-28 19:03:09
Фйж,Puss in Book: Trapped in an Epic Tale,countdown_interrupted,Free Puss,false,tvui,2018-10-28 19:02:34
Фйж,Puss in Book: Trapped in an Epic Tale,countdown_interrupted,Become a Fish,false,tvui,2018-10-28 19:01:26
Фйж,Puss in Book: Trapped in an Epic Tale,countdown_interrupted,Wish for a New Hat,false,tvui,2018-10-28 19:00:46
Фйж,Puss in Book: Trapped in an Epic Tale,countdown_interrupted,Wish for Riches,false,tvui,2018-10-28 19:00:00
Фйж,Puss in Book: Trapped in an Epic Tale,countdown_interrupted,Drink Tea,false,tvui,2018-10-28 18:57:23
Фйж,Puss in Book: Trapped in an Epic Tale,countdown_interrupted,Fight,false,tvui,2018-10-28 18:56:53
Фйж,Puss in Book: Trapped in an Epic Tale,countdown_interrupted,Pirate Cat,false,tvui,2018-10-28 18:55:20
Фйж,Puss in Book: Trapped in an Epic Tale,countdown_interrupted,Bears are Foes,false,tvui,2018-10-28 18:55:01
Фйж,Puss in Book: Trapped in an Epic Tale,countdown_interrupted,Fight a Tree,true,tvui,2018-10-28 18:45:50
Фйж,Puss in Book: Trapped in an Epic Tale,countdown_interrupted,Bears are Friends,false,tvui,2018-10-28 18:37:02
Фйж,Puss in Book: Trapped in an Epic Tale,countdown_complete,Be Goldilocks,false,tvui,2018-10-28 18:36:13
Фйж,Puss in Book: Trapped in an Epic Tale,countdown_interrupted,Visit a Giant,false,tvui,2018-10-28 18:35:57
Фйж,Puss in Book: Trapped in an Epic Tale,countdown_interrupted,Fight a God,false,tvui,2018-10-28 18:34:23
Фйж,Puss in Book: Trapped in an Epic Tale,countdown_interrupted,Fight a Tree,false,tvui,2018-10-28 18:33:51
