Profile Name,Title Name,Rating Type,Star Value,Thumbs Value,Device Model,Event Utc Ts,Region View Date
Coco,Perfect Match,thumb,,1,iPad,2023-07-15 20:53:10,
Coco,Too Hot to Handle,thumb,,1,iPad,2023-07-15 20:53:01,
Coco,Sex Education,thumb,,1,iPad,2023-07-15 20:52:41,
Marcus,Outnumbered,thumb,,3,Streaming Stick,2023-08-05 21:56:47,
Marcus,Brazen,thumb,,1,Streaming Stick,2022-11-06 23:47:50,
Marcus,The Watcher,thumb,,1,Streaming Stick,2022-10-21 20:42:01,
Marcus,The Hunger Games: Mockingjay - Part 1,thumb,,2,Streaming Stick,2022-01-03 19:24:56,
Marcus,Kate,thumb,,1,Streaming Stick,2021-09-15 21:34:19,
Marcus,Humans,thumb,,2,Streaming Stick,2021-09-14 15:53:43,
Marcus,Annihilation,thumb,,2,Streaming Stick,2018-03-19 00:13:56,
Marcus,Stephen King's A Good Marriage,thumb,,2,Streaming Stick,2017-07-09 07:15:31,
Marcus,Hotel Transylvania,star,3,2,Streaming Stick,2016-03-19 08:14:44,2016-03-19
Marcus,Highway Thru Hell,star,2,1,iPhone,2016-03-07 23:42:37,
Marcus,Cooked,star,1,1,Streaming Stick,2016-03-04 06:37:36,2016-03-04
Marcus,"What Happened, Miss Simone?",star,5,2,Streaming Stick,2016-02-22 20:21:45,2016-02-22
Emily,Killing Eve,thumb,,3,Streaming Stick,2023-08-26 21:24:00,
Emily,Lupin,thumb,,3,Streaming Stick,2023-08-16 20:24:56,
Emily,Gilmore Girls,thumb,,3,iPad,2023-08-14 14:20:39,
Emily,All The Bright Places,thumb,,3,Streaming Stick,2023-08-09 20:31:01,
Emily,The Girl Next Door,thumb,,3,Streaming Stick,2023-08-09 20:30:23,
Emily,Manifest,thumb,,2,Streaming Stick,2023-08-07 18:47:13,
Emily,The Truman Show,thumb,,3,Streaming Stick,2023-07-26 11:09:38,
Emily,It's a Sin,thumb,,3,Streaming Stick,2023-06-26 15:11:27,
Emily,Harry Potter and the Prisoner of Azkaban,thumb,,3,Streaming Stick,2023-06-16 16:38:29,
Emily,History 101,thumb,,3,Streaming Stick,2023-06-09 21:39:56,
Emily,The Social Dilemma,thumb,,3,Streaming Stick,2023-06-05 15:24:11,
Emily,Old,thumb,,2,Streaming Stick,2023-06-05 10:41:32,
Emily,Fantastic Beasts and Where To Find Them,thumb,,3,Streaming Stick,2023-06-05 10:41:18,
Emily,Harry Potter and the Deathly Hallows: Part 2,thumb,,3,Streaming Stick,2023-06-05 10:41:04,
Emily,The Hunger Games,thumb,,3,Streaming Stick,2023-06-05 10:40:55,
Emily,Harry Potter and the Order of the Phoenix,thumb,,3,Streaming Stick,2023-06-05 10:40:32,
Emily,Harry Potter and the Goblet of Fire,thumb,,3,Streaming Stick,2023-06-05 10:40:27,
Emily,"The Mind, Explained",thumb,,3,Streaming Stick,2023-05-18 20:22:33,
Emily,Brooklyn Nine-Nine,thumb,,3,Streaming Stick,2023-04-19 20:00:22,
Emily,Explained,thumb,,3,Streaming Stick,2023-03-31 21:18:21,
Emily,Suits,thumb,,3,Streaming Stick,2023-02-21 16:15:01,
Emily,Tokyo Ghoul,thumb,,3,iPad,2023-02-16 01:55:57,
Emily,Good Will Hunting,thumb,,3,iPad,2023-02-16 01:53:55,
Emily,Call Me by Your Name,thumb,,3,iPad,2023-02-16 01:36:58,
Emily,Little Women,thumb,,3,iPad,2023-02-16 01:36:52,
Emily,Enola Holmes 2,thumb,,2,iPad,2023-02-16 01:35:46,
Emily,Ginny & Georgia,thumb,,3,iPad,2023-02-16 01:29:40,
Emily,Gilmore Girls: A Year in the Life,thumb,,3,Streaming Stick,2023-01-30 17:38:29,
Emily,The Queen's Gambit,thumb,,3,Streaming Stick,2023-01-30 17:37:52,
Emily,All Quiet on the Western Front,thumb,,3,Streaming Stick,2023-01-30 17:20:10,
Emily,Call the Midwife,thumb,,2,Streaming Stick,2022-12-12 19:09:56,
Emily,Schitt's Creek,thumb,,3,Streaming Stick,2022-12-12 09:32:36,
Emily,The Breakfast Club,thumb,,3,Streaming Stick,2022-12-12 08:56:42,
Emily,A Series of Unfortunate Events,thumb,,3,Streaming Stick,2022-12-09 14:28:05,
Emily,The Big Bang Theory,thumb,,3,Streaming Stick,2022-12-08 18:21:20,
Emily,Enola Holmes,thumb,,3,Streaming Stick,2022-12-08 18:15:59,
Emily,Anne with an E,thumb,,3,Streaming Stick,2022-12-08 18:15:48,
Emily,The Imitation Game,thumb,,3,Streaming Stick,2022-12-08 18:15:35,
Emily,Wednesday,thumb,,3,Streaming Stick,2022-12-08 14:27:58,
Emily,Demon Slayer: Kimetsu no Yaiba,thumb,,3,iPad,2022-10-21 21:28:29,
Emily,Bohemian Rhapsody,thumb,,3,Streaming Stick,2022-07-03 17:55:30,
Emily,Tattoo Fixers,thumb,,3,iPad,2022-06-06 19:49:25,
Emily,Young Royals,thumb,,3,iPad,2022-05-29 16:47:05,
Emily,Heartstopper,thumb,,3,HTML 5,2022-05-15 08:13:31,
Emily,One of Us Is Lying,thumb,,0,HTML 5,2022-04-09 11:53:17,
Emily,The Umbrella Academy,thumb,,2,Streaming Stick,2021-08-25 06:59:51,
Emily,"Best Wishes, Warmest Regards: A Schitt's Creek Farewell",thumb,,2,Streaming Stick,2021-04-10 16:52:28,
Emily,Haikyu!!,thumb,,2,Windows 8,2021-03-21 14:27:52,
Emily,Cobra Kai,thumb,,2,Streaming Stick,2021-01-12 19:09:04,
Emily,Greenhouse Academy,thumb,,2,Streaming Stick,2021-01-12 19:09:01,
Emily,THE UNLISTED,thumb,,2,Streaming Stick,2021-01-08 18:58:16,
Emily,Sherlock,thumb,,2,Streaming Stick,2020-12-23 19:07:58,
Emily,Friends,thumb,,2,Streaming Stick,2020-12-04 19:06:20,
Emily,Doctor Who,thumb,,2,Streaming Stick,2020-12-04 19:06:16,
Emily,Stranger Things,thumb,,2,Streaming Stick,2020-09-27 15:54:15,
Emily,The Fresh Prince of Bel-Air,thumb,,2,iPhone,2020-09-22 10:10:32,
Emily,Sugar Rush,thumb,,2,Streaming Stick,2019-08-09 18:17:59,
Emily,Alexa & Katie,thumb,,2,Streaming Stick,2019-02-05 12:03:45,
Emily,Brain Games,thumb,,2,Streaming Stick,2019-02-05 12:03:29,
Emily,If I Were an Animal,thumb,,1,Streaming Stick,2019-01-12 07:32:24,
Emily,Fuller House,thumb,,2,Streaming Stick,2018-12-13 15:41:23,
Emily,Some Assembly Required,thumb,,2,Smart TV,2018-08-13 13:30:20,
Emily,Zumbo's Just Desserts,thumb,,2,Streaming Stick,2018-07-22 14:24:42,
Emily,Nailed It!,thumb,,2,Streaming Stick,2018-06-30 07:31:05,
Emily,Zapped,thumb,,2,Streaming Stick,2018-06-17 14:40:02,
Emily,Free Rein,thumb,,2,Streaming Stick,2018-06-14 07:13:07,
Emily,Richie Rich,thumb,,2,Streaming Stick,2018-06-12 15:54:41,
Emily,Goosebumps,thumb,,2,Streaming Stick,2018-06-09 07:35:18,
Emily,America's Got Talent,thumb,,2,Streaming Stick,2018-06-08 06:29:53,
Emily,Spirit Riding Free,thumb,,2,Streaming Stick,2018-05-31 09:20:03,
Emily,Full House,thumb,,2,Streaming Stick,2018-04-15 06:50:20,
Emily,Good Witch,thumb,,2,Streaming Stick,2018-04-15 06:50:06,
Emily,Horrible Histories,thumb,,2,Streaming Stick,2018-04-15 06:50:01,
Emily,Little Lunch,thumb,,2,Streaming Stick,2018-04-14 07:30:18,
Emily,H2O: Just Add Water,thumb,,2,Streaming Stick,2017-10-01 10:23:55,
Emily,Victorious,thumb,,2,Streaming Stick,2017-09-30 15:38:02,
Emily,Hotel Transylvania 2,thumb,,0,Streaming Stick,2017-09-24 08:43:19,
Emily,Sam & Cat,thumb,,2,Streaming Stick,2017-09-24 08:38:04,
Emily,A 2nd Chance,thumb,,2,Streaming Stick,2017-09-24 08:37:37,
Emily,Winx Club: The Mystery of the Abyss,thumb,,2,Streaming Stick,2017-08-22 08:52:12,
Фйж,White Chicks,thumb,,3,Streaming Stick,2023-08-26 15:00:35,
Фйж,Hidden Love,thumb,,3,Streaming Stick,2023-07-18 07:33:20,
Фйж,Sex Education,thumb,,1,Windows 8,2023-06-25 16:25:16,
Фйж,Young Sheldon,thumb,,3,Streaming Stick,2023-06-04 20:02:04,
Фйж,The A List,thumb,,3,Streaming Stick,2023-04-17 12:38:19,
Фйж,Supernatural Academy,thumb,,3,iPad,2023-04-15 14:43:47,
Фйж,The Big Bang Theory,thumb,,3,Streaming Stick,2023-01-06 20:54:13,
Фйж,Snack VS. Chef,thumb,,2,Streaming Stick,2022-12-10 10:40:57,
Фйж,The School for Good and Evil,thumb,,3,Streaming Stick,2022-12-07 13:47:22,
Фйж,Gilmore Girls: A Year in the Life,thumb,,2,Streaming Stick,2022-12-03 18:09:15,
Фйж,Wednesday,thumb,,3,Streaming Stick,2022-12-02 12:08:46,
Фйж,Heartstopper,thumb,,3,Streaming Stick,2022-10-28 16:15:26,
Фйж,Gilmore Girls,thumb,,3,Streaming Stick,2022-08-30 16:19:44,
Фйж,She's the Man,thumb,,3,Streaming Stick,2022-08-12 21:20:20,
Фйж,Superstore,thumb,,3,Streaming Stick,2022-07-30 17:07:04,
Фйж,Barbie: It Takes Two,thumb,,3,Streaming Stick,2022-06-08 16:31:54,
Фйж,Stranger Things,thumb,,3,Streaming Stick,2022-06-05 18:49:52,
Фйж,LEGO Elves: Secrets of Elvendale,thumb,,3,Streaming Stick,2022-05-27 14:53:52,
Фйж,Carmen Sandiego,thumb,,3,Streaming Stick,2022-05-19 15:46:31,
Фйж,The Dragon Prince,thumb,,3,Streaming Stick,2022-05-13 14:52:51,
Фйж,Divergent,thumb,,3,Streaming Stick,2022-05-06 20:22:01,
Фйж,Miraculous: Tales of Ladybug & Cat Noir,thumb,,1,Streaming Stick,2022-04-26 15:39:58,
Фйж,Hop,thumb,,2,Streaming Stick,2022-04-22 19:00:35,
Фйж,Pokémon The Series: Indigo League,thumb,,3,Streaming Stick,2022-04-14 17:19:34,
Фйж,Is It Cake?,thumb,,2,Streaming Stick,2022-04-04 16:22:56,
Фйж,Come Dine with Me,thumb,,2,Streaming Stick,2022-04-02 11:27:36,
Фйж,Fuller House,thumb,,2,Streaming Stick,2022-03-12 11:01:24,
Фйж,The Hunger Games: Catching Fire,thumb,,2,Streaming Stick,2022-01-02 17:15:34,
Фйж,Shrek the Third,thumb,,2,Streaming Stick,2021-12-20 10:19:13,
Фйж,The Kissing Booth,thumb,,2,Streaming Stick,2021-12-16 16:23:27,
Фйж,The InBESTigators,thumb,,2,Streaming Stick,2021-12-05 19:30:02,
Фйж,Spider-Man: Homecoming,thumb,,2,Streaming Stick,2021-11-23 15:57:56,
Фйж,The Sleepover,thumb,,2,Streaming Stick,2021-11-21 08:58:47,
Фйж,Rise of the Guardians,thumb,,2,Streaming Stick,2021-11-19 13:29:37,
Фйж,The Princess Switch 3: Romancing the Star,thumb,,2,Streaming Stick,2021-11-18 15:13:33,
Фйж,Friends,thumb,,2,Streaming Stick,2021-11-17 17:14:02,
Фйж,The Hollow,thumb,,2,Streaming Stick,2021-11-06 07:36:36,
Фйж,Enola Holmes,thumb,,2,Streaming Stick,2021-10-25 10:04:00,
Фйж,Anne with an E,thumb,,2,Streaming Stick,2021-10-02 09:29:07,
Фйж,The Addams Family,thumb,,2,Streaming Stick,2021-09-29 07:13:09,
Фйж,Fearless,thumb,,0,Streaming Stick,2021-09-25 08:57:25,
Фйж,Zero Chill,thumb,,2,Streaming Stick,2021-09-25 07:32:41,
Фйж,Rainbow High,thumb,,2,Streaming Stick,2021-09-08 07:14:25,
Фйж,Afterlife of the Party,thumb,,2,Streaming Stick,2021-09-07 18:09:39,
Фйж,Go! Live Your Way,thumb,,2,Streaming Stick,2021-08-25 10:16:45,
Фйж,The Main Event,thumb,,2,Streaming Stick,2021-08-22 11:34:30,
Фйж,Family Reunion,thumb,,2,Streaming Stick,2021-08-14 10:25:33,
Фйж,Victorious,thumb,,2,Streaming Stick,2021-08-12 14:48:49,
Фйж,The Thundermans,thumb,,2,Streaming Stick,2021-08-10 09:38:48,
Фйж,Alexa & Katie,thumb,,2,Streaming Stick,2021-08-03 08:49:23,
Фйж,Greenhouse Academy,thumb,,2,Streaming Stick,2021-07-24 18:29:40,
Фйж,The Princess Switch: Switched Again,thumb,,2,Streaming Stick,2021-07-15 14:24:43,
Фйж,Radio Rebel,thumb,,2,Streaming Stick,2021-07-14 15:29:55,
Фйж,The Healing Powers of Dude,thumb,,2,Streaming Stick,2021-07-13 11:14:10,
Фйж,Ballerina,thumb,,2,Streaming Stick,2021-06-25 16:50:02,
Фйж,No Good Nick,thumb,,2,Streaming Stick,2021-06-19 21:43:59,
Фйж,Moesha,thumb,,2,Streaming Stick,2021-06-14 14:01:33,
Фйж,A Series of Unfortunate Events,thumb,,2,Streaming Stick,2021-06-13 08:30:34,
Фйж,The Road to El Dorado,thumb,,2,Streaming Stick,2021-06-12 12:23:03,
Фйж,Wish Dragon,thumb,,2,Streaming Stick,2021-06-12 07:57:18,
Фйж,Spider-Man: Far from Home,thumb,,2,Streaming Stick,2021-06-11 17:04:29,
Фйж,Nailed It!,thumb,,2,Streaming Stick,2021-06-04 13:25:58,
Фйж,Dog Gone Trouble,thumb,,2,Streaming Stick,2021-05-29 07:14:25,
Фйж,Raising Dion,thumb,,2,Streaming Stick,2021-05-26 11:04:17,
Фйж,Kong: King of the Apes,thumb,,2,Streaming Stick,2021-05-18 07:30:57,
Фйж,Jurassic World Camp Cretaceous,thumb,,2,Streaming Stick,2021-05-15 07:58:53,
Фйж,H2O: Just Add Water,thumb,,2,Streaming Stick,2021-05-09 13:07:02,
Фйж,Wizards: Tales of Arcadia,thumb,,2,Streaming Stick,2021-05-04 17:34:16,
Фйж,Get Even,thumb,,1,Streaming Stick,2021-04-25 08:19:42,
Фйж,Trollhunters: Tales of Arcadia,thumb,,2,Streaming Stick,2021-04-18 08:23:59,
Фйж,3Below: Tales of Arcadia,thumb,,2,Streaming Stick,2021-04-13 08:20:26,
Фйж,Spirit Riding Free,thumb,,2,Streaming Stick,2021-04-04 19:12:19,
Фйж,Bratz: The Movie,thumb,,2,Streaming Stick,2021-04-03 20:55:29,
Фйж,Mia and Me,thumb,,2,Streaming Stick,2021-03-31 17:56:02,
Фйж,Mr. Bean: The Animated Series,thumb,,2,Streaming Stick,2021-01-16 09:21:25,
Фйж,Sing On!,thumb,,2,Streaming Stick,2021-01-16 09:21:22,
Фйж,GAME ON: A Comedy Crossover Event,thumb,,2,Streaming Stick,2020-12-19 08:38:02,
Фйж,The Christmas Chronicles: Part Two,thumb,,1,Streaming Stick,2020-12-19 08:37:57,
Фйж,Julie and the Phantoms,thumb,,2,Streaming Stick,2020-12-19 08:37:50,
Фйж,Barbie Dreamhouse Adventures: Go Team Roberts,thumb,,2,Streaming Stick,2020-12-19 08:37:42,
Фйж,Zig & Sharko,thumb,,2,Streaming Stick,2020-12-19 08:37:36,
Фйж,Hilda,thumb,,2,Streaming Stick,2020-12-19 08:37:31,
Фйж,"Sister, Sister",thumb,,2,Streaming Stick,2020-12-04 08:34:43,
Фйж,The Christmas Trap,thumb,,1,Streaming Stick,2020-07-09 10:32:10,
Фйж,Zapped,thumb,,2,Streaming Stick,2019-01-08 17:04:37,
Фйж,PAW Patrol,thumb,,2,Streaming Stick,2018-07-23 07:59:03,
Фйж,Project Mc²,thumb,,2,Streaming Stick,2018-07-23 07:58:29,
Фйж,Talking Tom and Friends,thumb,,2,Streaming Stick,2018-06-28 06:47:20,
Фйж,Jessica Darling's It List,thumb,,2,Streaming Stick,2018-06-26 15:58:20,
Фйж,Free Rein,thumb,,2,Streaming Stick,2018-06-16 07:29:50,
Фйж,Curious George,thumb,,2,Streaming Stick,2018-06-14 14:32:56,
Фйж,Ella Enchanted,thumb,,2,Streaming Stick,2018-06-10 11:38:20,
Фйж,Horrid Henry: The Movie,thumb,,2,Streaming Stick,2018-06-10 09:30:20,
Фйж,Horrid Henry,thumb,,2,Streaming Stick,2018-06-10 07:52:39,
Фйж,Full House,thumb,,2,Streaming Stick,2018-06-09 16:30:09,
